transition,k,singular_value,normalized
L15_to_L16,0,3.706709623336792,1.0
L15_to_L16,1,2.9048237800598145,0.7836663722991943
L15_to_L16,2,2.7394278049468994,0.7390456795692444
L15_to_L16,3,2.389561653137207,0.6446584463119507
L15_to_L16,4,2.3019769191741943,0.6210297346115112
L15_to_L16,5,2.2290546894073486,0.6013566851615906
L15_to_L16,6,2.111575126647949,0.5696629285812378
L15_to_L16,7,2.098418712615967,0.5661135911941528
L15_to_L16,8,2.058551549911499,0.5553581714630127
L15_to_L16,9,2.041898727416992,0.5508655905723572
L15_to_L16,10,1.9910682439804077,0.5371524691581726
L15_to_L16,11,1.9719575643539429,0.5319967865943909
L15_to_L16,12,1.9561481475830078,0.527731716632843
L15_to_L16,13,1.9422659873962402,0.5239865779876709
L15_to_L16,14,1.9113843441009521,0.5156552791595459
L15_to_L16,15,1.8842602968215942,0.5083377361297607
L15_to_L16,16,1.8607834577560425,0.502004086971283
L15_to_L16,17,1.858095407485962,0.5012789368629456
L15_to_L16,18,1.8470228910446167,0.4982917606830597
L15_to_L16,19,1.835481882095337,0.49517822265625
L15_to_L16,20,1.8265520334243774,0.49276912212371826
L15_to_L16,21,1.8200790882110596,0.49102285504341125
L15_to_L16,22,1.8061245679855347,0.4872581660747528
L15_to_L16,23,1.7959188222885132,0.4845048487186432
L15_to_L16,24,1.788670539855957,0.48254939913749695
L15_to_L16,25,1.783666729927063,0.4811994731426239
L15_to_L16,26,1.768912434577942,0.4772190451622009
L15_to_L16,27,1.7627286911010742,0.4755508005619049
L15_to_L16,28,1.7605760097503662,0.4749700427055359
L15_to_L16,29,1.745390772819519,0.4708733558654785
L15_to_L16,30,1.7428960800170898,0.4702003300189972
L15_to_L16,31,1.7373522520065308,0.4687047004699707
L15_to_L16,32,1.732214093208313,0.4673185348510742
L15_to_L16,33,1.72774076461792,0.4661117196083069
L15_to_L16,34,1.7184898853302002,0.4636160135269165
L15_to_L16,35,1.7172267436981201,0.4632752239704132
L15_to_L16,36,1.7055169343948364,0.4601161479949951
L15_to_L16,37,1.700358271598816,0.4587244391441345
L15_to_L16,38,1.692718744277954,0.45666342973709106
L15_to_L16,39,1.687671422958374,0.45530176162719727
L15_to_L16,40,1.6821755170822144,0.45381906628608704
L15_to_L16,41,1.6779261827468872,0.45267269015312195
L15_to_L16,42,1.67214035987854,0.451111763715744
L15_to_L16,43,1.6676150560379028,0.44989094138145447
L15_to_L16,44,1.6649278402328491,0.4491659700870514
L15_to_L16,45,1.6577998399734497,0.44724297523498535
L15_to_L16,46,1.6512161493301392,0.4454668164253235
L15_to_L16,47,1.6487492322921753,0.44480130076408386
L15_to_L16,48,1.6432076692581177,0.4433062970638275
L15_to_L16,49,1.641805648803711,0.4429280459880829
L15_to_L16,50,1.6382371187210083,0.4419653117656708
L15_to_L16,51,1.6329655647277832,0.44054314494132996
L15_to_L16,52,1.6296662092208862,0.43965306878089905
L15_to_L16,53,1.6287205219268799,0.439397931098938
L15_to_L16,54,1.6232542991638184,0.43792325258255005
L15_to_L16,55,1.6162220239639282,0.43602606654167175
L15_to_L16,56,1.6133239269256592,0.43524420261383057
L15_to_L16,57,1.6115331649780273,0.434761106967926
L15_to_L16,58,1.6061642169952393,0.43331265449523926
L15_to_L16,59,1.6047283411026,0.432925283908844
L15_to_L16,60,1.6018776893615723,0.4321562349796295
L15_to_L16,61,1.5969716310501099,0.4308326840400696
L15_to_L16,62,1.596435785293579,0.43068811297416687
L15_to_L16,63,1.595100998878479,0.43032801151275635
L15_to_L16,64,1.588536024093628,0.4285569190979004
L15_to_L16,65,1.5860997438430786,0.42789965867996216
L15_to_L16,66,1.5841606855392456,0.42737653851509094
L15_to_L16,67,1.5823655128479004,0.4268922209739685
L15_to_L16,68,1.580061435699463,0.42627063393592834
L15_to_L16,69,1.5747530460357666,0.42483851313591003
L15_to_L16,70,1.5721752643585205,0.42414307594299316
L15_to_L16,71,1.569584608078003,0.4234441816806793
L15_to_L16,72,1.5666253566741943,0.42264583706855774
L15_to_L16,73,1.5642480850219727,0.42200449109077454
L15_to_L16,74,1.5602080821990967,0.42091456055641174
L15_to_L16,75,1.5586087703704834,0.4204831123352051
L15_to_L16,76,1.5550110340118408,0.4195125102996826
L15_to_L16,77,1.55318284034729,0.41901928186416626
L15_to_L16,78,1.5507216453552246,0.4183553159236908
L15_to_L16,79,1.5488841533660889,0.41785958409309387
L15_to_L16,80,1.5452032089233398,0.4168665409088135
L15_to_L16,81,1.5449423789978027,0.41679617762565613
L15_to_L16,82,1.5397207736968994,0.41538748145103455
L15_to_L16,83,1.5383332967758179,0.4150131642818451
L15_to_L16,84,1.5347741842269897,0.4140529930591583
L15_to_L16,85,1.534064531326294,0.41386154294013977
L15_to_L16,86,1.5321961641311646,0.4133574962615967
L15_to_L16,87,1.5298943519592285,0.4127365052700043
L15_to_L16,88,1.5272868871688843,0.4120330512523651
L15_to_L16,89,1.5260316133499146,0.41169440746307373
L15_to_L16,90,1.5240333080291748,0.4111553132534027
L15_to_L16,91,1.5227830410003662,0.4108180105686188
L15_to_L16,92,1.518998622894287,0.4097970426082611
L15_to_L16,93,1.5182310342788696,0.409589946269989
L15_to_L16,94,1.5160706043243408,0.40900710225105286
L15_to_L16,95,1.5140726566314697,0.408468097448349
L15_to_L16,96,1.5123895406723022,0.4080140292644501
L15_to_L16,97,1.5108681917190552,0.40760359168052673
L15_to_L16,98,1.5060455799102783,0.4063025414943695
L15_to_L16,99,1.5042914152145386,0.4058293104171753
L25_to_L26,0,3.461897134780884,1.0
L25_to_L26,1,3.2058889865875244,0.9260497689247131
L25_to_L26,2,2.7283098697662354,0.7880967259407043
L25_to_L26,3,2.6881110668182373,0.7764849662780762
L25_to_L26,4,2.642106771469116,0.7631962299346924
L25_to_L26,5,2.5907578468322754,0.7483636140823364
L25_to_L26,6,2.574540138244629,0.7436789870262146
L25_to_L26,7,2.518895149230957,0.727605402469635
L25_to_L26,8,2.501241683959961,0.722506046295166
L25_to_L26,9,2.476821184158325,0.7154520153999329
L25_to_L26,10,2.4595682621002197,0.7104683518409729
L25_to_L26,11,2.4191126823425293,0.6987823843955994
L25_to_L26,12,2.415773391723633,0.6978178024291992
L25_to_L26,13,2.3809938430786133,0.6877713799476624
L25_to_L26,14,2.3250837326049805,0.6716212630271912
L25_to_L26,15,2.3155243396759033,0.6688599586486816
L25_to_L26,16,2.2920095920562744,0.6620675325393677
L25_to_L26,17,2.281024217605591,0.6588943004608154
L25_to_L26,18,2.269134998321533,0.655460000038147
L25_to_L26,19,2.257112503051758,0.6519871950149536
L25_to_L26,20,2.252889633178711,0.6507673263549805
L25_to_L26,21,2.241950511932373,0.6476075053215027
L25_to_L26,22,2.229583978652954,0.644035279750824
L25_to_L26,23,2.215461015701294,0.6399557590484619
L25_to_L26,24,2.2069475650787354,0.6374965906143188
L25_to_L26,25,2.1981470584869385,0.6349544525146484
L25_to_L26,26,2.1820011138916016,0.6302905678749084
L25_to_L26,27,2.1796014308929443,0.6295974254608154
L25_to_L26,28,2.1707239151000977,0.6270330548286438
L25_to_L26,29,2.1675493717193604,0.6261160373687744
L25_to_L26,30,2.157188653945923,0.623123288154602
L25_to_L26,31,2.1473212242126465,0.6202729940414429
L25_to_L26,32,2.1457927227020264,0.6198314428329468
L25_to_L26,33,2.140876293182373,0.6184113025665283
L25_to_L26,34,2.1322021484375,0.6159057021141052
L25_to_L26,35,2.1309752464294434,0.6155512928962708
L25_to_L26,36,2.125223159790039,0.613889753818512
L25_to_L26,37,2.115346670150757,0.6110368371009827
L25_to_L26,38,2.1088082790374756,0.6091481447219849
L25_to_L26,39,2.1051862239837646,0.6081019043922424
L25_to_L26,40,2.100754499435425,0.6068217754364014
L25_to_L26,41,2.0918972492218018,0.6042632460594177
L25_to_L26,42,2.0884172916412354,0.6032580137252808
L25_to_L26,43,2.08392071723938,0.6019591689109802
L25_to_L26,44,2.0804250240325928,0.6009494066238403
L25_to_L26,45,2.072695732116699,0.5987167358398438
L25_to_L26,46,2.0631091594696045,0.5959475636482239
L25_to_L26,47,2.0610668659210205,0.5953576564788818
L25_to_L26,48,2.0540266036987305,0.5933240056037903
L25_to_L26,49,2.0514116287231445,0.5925686359405518
L25_to_L26,50,2.0442121028900146,0.5904889702796936
L25_to_L26,51,2.0433359146118164,0.5902358889579773
L25_to_L26,52,2.042508363723755,0.5899968147277832
L25_to_L26,53,2.0331170558929443,0.5872840881347656
L25_to_L26,54,2.029695510864258,0.5862957239151001
L25_to_L26,55,2.0266146659851074,0.5854058265686035
L25_to_L26,56,2.0228970050811768,0.5843319296836853
L25_to_L26,57,2.0206408500671387,0.5836802124977112
L25_to_L26,58,2.017653226852417,0.5828171968460083
L25_to_L26,59,2.014644145965576,0.5819479823112488
L25_to_L26,60,2.0086262226104736,0.5802096724510193
L25_to_L26,61,2.0024585723876953,0.5784280896186829
L25_to_L26,62,1.9997384548187256,0.5776423811912537
L25_to_L26,63,1.9977052211761475,0.577055037021637
L25_to_L26,64,1.9958536624908447,0.5765202045440674
L25_to_L26,65,1.991024374961853,0.5751252174377441
L25_to_L26,66,1.9851447343826294,0.5734268426895142
L25_to_L26,67,1.9841036796569824,0.5731261372566223
L25_to_L26,68,1.9813562631607056,0.572332501411438
L25_to_L26,69,1.9805325269699097,0.5720945596694946
L25_to_L26,70,1.973514437675476,0.5700673460960388
L25_to_L26,71,1.9709542989730835,0.5693278312683105
L25_to_L26,72,1.9677764177322388,0.5684098601341248
L25_to_L26,73,1.9657083749771118,0.5678125023841858
L25_to_L26,74,1.9650095701217651,0.5676106214523315
L25_to_L26,75,1.9627591371536255,0.5669605731964111
L25_to_L26,76,1.9559792280197144,0.5650021433830261
L25_to_L26,77,1.9527792930603027,0.5640777945518494
L25_to_L26,78,1.9503254890441895,0.5633689761161804
L25_to_L26,79,1.9456382989883423,0.5620150566101074
L25_to_L26,80,1.9450485706329346,0.5618447065353394
L25_to_L26,81,1.941037654876709,0.5606861114501953
L25_to_L26,82,1.9391952753067017,0.5601539015769958
L25_to_L26,83,1.9377504587173462,0.5597365498542786
L25_to_L26,84,1.9314305782318115,0.5579110383987427
L25_to_L26,85,1.9282227754592896,0.5569844245910645
L25_to_L26,86,1.9243488311767578,0.5558654069900513
L25_to_L26,87,1.923415184020996,0.5555956959724426
L25_to_L26,88,1.922774076461792,0.5554105043411255
L25_to_L26,89,1.9212805032730103,0.5549790859222412
L25_to_L26,90,1.919614553451538,0.5544978380203247
L25_to_L26,91,1.916524887084961,0.5536053776741028
L25_to_L26,92,1.9118659496307373,0.552259624004364
L25_to_L26,93,1.9104799032211304,0.5518592596054077
L25_to_L26,94,1.906792402267456,0.5507940649986267
L25_to_L26,95,1.9061603546142578,0.5506114959716797
L25_to_L26,96,1.9036346673965454,0.5498819351196289
L25_to_L26,97,1.8999974727630615,0.5488312840461731
L25_to_L26,98,1.8991663455963135,0.5485911965370178
L25_to_L26,99,1.8962335586547852,0.5477440357208252
L27_to_L28,0,2847.358642578125,1.0
L27_to_L28,1,2112.1669921875,0.7417986989021301
L27_to_L28,2,1895.7891845703125,0.665806233882904
L27_to_L28,3,1633.4918212890625,0.5736867189407349
L27_to_L28,4,1555.60986328125,0.5463343858718872
L27_to_L28,5,1402.854248046875,0.4926861822605133
L27_to_L28,6,1316.4517822265625,0.46234139800071716
L27_to_L28,7,1265.5997314453125,0.4444820284843445
L27_to_L28,8,1159.4517822265625,0.4072025716304779
L27_to_L28,9,1142.05859375,0.4010940492153168
L27_to_L28,10,1069.496826171875,0.3756101429462433
L27_to_L28,11,1043.0311279296875,0.3663153350353241
L27_to_L28,12,1026.0855712890625,0.36036401987075806
L27_to_L28,13,926.88623046875,0.3255249261856079
L27_to_L28,14,886.27783203125,0.31126314401626587
L27_to_L28,15,859.511474609375,0.3018627464771271
L27_to_L28,16,830.4750366210938,0.29166507720947266
L27_to_L28,17,730.7522583007812,0.2566421627998352
L27_to_L28,18,708.3074951171875,0.24875949323177338
L27_to_L28,19,675.5326538085938,0.23724888265132904
L27_to_L28,20,652.4486083984375,0.2291416972875595
L27_to_L28,21,626.3024291992188,0.21995909512043
L27_to_L28,22,601.5380859375,0.2112617939710617
L27_to_L28,23,568.8189086914062,0.1997707337141037
L27_to_L28,24,560.3876342773438,0.19680963456630707
L27_to_L28,25,547.806640625,0.19239115715026855
L27_to_L28,26,536.6408081054688,0.18846969306468964
L27_to_L28,27,501.7503967285156,0.17621608078479767
L27_to_L28,28,499.6095275878906,0.1754642128944397
L27_to_L28,29,481.35400390625,0.1690528243780136
L27_to_L28,30,455.3174743652344,0.159908726811409
L27_to_L28,31,434.596923828125,0.15263161063194275
L27_to_L28,32,421.6800231933594,0.14809516072273254
L27_to_L28,33,416.9711608886719,0.14644138514995575
L27_to_L28,34,399.2752990722656,0.1402265578508377
L27_to_L28,35,381.6541748046875,0.13403797149658203
L27_to_L28,36,366.3836975097656,0.1286749392747879
L27_to_L28,37,352.8723449707031,0.1239297166466713
L27_to_L28,38,351.68756103515625,0.1235136166214943
L27_to_L28,39,344.5517578125,0.12100750207901001
L27_to_L28,40,328.1125793457031,0.11523401737213135
L27_to_L28,41,321.7640686035156,0.1130044013261795
L27_to_L28,42,309.6647033691406,0.10875507444143295
L27_to_L28,43,295.71429443359375,0.10385565459728241
L27_to_L28,44,290.5215148925781,0.10203193873167038
L27_to_L28,45,280.3046875,0.09844376146793365
L27_to_L28,46,268.7200927734375,0.09437521547079086
L27_to_L28,47,265.6396179199219,0.09329334646463394
L27_to_L28,48,258.4418029785156,0.09076545387506485
L27_to_L28,49,251.98779296875,0.0884987860918045
L27_to_L28,50,246.7052459716797,0.08664354681968689
L27_to_L28,51,236.92776489257812,0.08320966362953186
L27_to_L28,52,234.9761962890625,0.08252426981925964
L27_to_L28,53,227.5052490234375,0.07990045100450516
L27_to_L28,54,224.95303344726562,0.07900410890579224
L27_to_L28,55,217.46414184570312,0.07637398689985275
L27_to_L28,56,208.6819305419922,0.073289655148983
L27_to_L28,57,204.9203338623047,0.07196857035160065
L27_to_L28,58,200.18238830566406,0.07030459493398666
L27_to_L28,59,195.86477661132812,0.06878823786973953
L27_to_L28,60,191.9109344482422,0.06739963591098785
L27_to_L28,61,187.1744384765625,0.06573616713285446
L27_to_L28,62,182.09779357910156,0.06395323574542999
L27_to_L28,63,178.24839782714844,0.06260131299495697
L27_to_L28,64,170.2313690185547,0.059785712510347366
L27_to_L28,65,165.38270568847656,0.05808284878730774
L27_to_L28,66,161.90328979492188,0.056860871613025665
L27_to_L28,67,156.69288635253906,0.05503096058964729
L27_to_L28,68,154.39842224121094,0.0542251393198967
L27_to_L28,69,149.22061157226562,0.0524066798388958
L27_to_L28,70,143.72488403320312,0.0504765659570694
L27_to_L28,71,141.8322296142578,0.04981185868382454
L27_to_L28,72,134.8800048828125,0.047370221465826035
L27_to_L28,73,132.85580444335938,0.04665931686758995
L27_to_L28,74,131.9145965576172,0.04632876068353653
L27_to_L28,75,127.99977111816406,0.04495386406779289
L27_to_L28,76,122.03347778320312,0.042858485132455826
L27_to_L28,77,120.56231689453125,0.04234180971980095
L27_to_L28,78,115.69075775146484,0.04063090309500694
L27_to_L28,79,114.10855865478516,0.04007523134350777
L27_to_L28,80,108.93641662597656,0.038258761167526245
L27_to_L28,81,101.71887969970703,0.03572394326329231
L27_to_L28,82,97.29936981201172,0.034171801060438156
L27_to_L28,83,93.39109802246094,0.03279920294880867
L27_to_L28,84,91.27163696289062,0.0320548452436924
L27_to_L28,85,86.3540267944336,0.03032776527106762
L27_to_L28,86,84.38768005371094,0.029637180268764496
L27_to_L28,87,83.46537017822266,0.029313262552022934
L27_to_L28,88,78.057861328125,0.02741413004696369
L27_to_L28,89,76.16802978515625,0.026750417426228523
L27_to_L28,90,74.89659118652344,0.026303883641958237
L27_to_L28,91,73.1006088256836,0.02567313052713871
L27_to_L28,92,71.98583221435547,0.025281617417931557
L27_to_L28,93,69.55715942382812,0.024428661912679672
L27_to_L28,94,67.48320770263672,0.023700283840298653
L27_to_L28,95,64.48470306396484,0.022647200152277946
L27_to_L28,96,62.226768493652344,0.021854208782315254
L27_to_L28,97,61.545867919921875,0.021615074947476387
L27_to_L28,98,60.05571365356445,0.021091727539896965
L27_to_L28,99,58.52546691894531,0.020554300397634506
L28_to_L29,0,37512044.0,1.0
L28_to_L29,1,6353340.5,0.16936801373958588
L28_to_L29,2,2426213.25,0.06467824429273605
L28_to_L29,3,1947190.25,0.051908399909734726
L28_to_L29,4,1186906.5,0.0316406786441803
L28_to_L29,5,842876.25,0.02246948331594467
L28_to_L29,6,597430.125,0.015926355496048927
L28_to_L29,7,274410.6875,0.007315268740057945
L28_to_L29,8,212735.109375,0.005671114660799503
L28_to_L29,9,80373.7734375,0.0021426125895231962
L28_to_L29,10,70880.1640625,0.0018895308021456003
L28_to_L29,11,52142.7890625,0.0013900279300287366
L28_to_L29,12,47596.63671875,0.0012688360875472426
L28_to_L29,13,43573.3671875,0.0011615833500400186
L28_to_L29,14,38574.26171875,0.0010283166775479913
L28_to_L29,15,33216.44140625,0.000885487359482795
L28_to_L29,16,29845.228515625,0.0007956172339618206
L28_to_L29,17,29527.041015625,0.0007871349807828665
L28_to_L29,18,27646.771484375,0.0007370105595327914
L28_to_L29,19,23603.62890625,0.0006292280158959329
L28_to_L29,20,23103.466796875,0.0006158946198411286
L28_to_L29,21,21624.564453125,0.0005764699308201671
L28_to_L29,22,19050.140625,0.0005078406538814306
L28_to_L29,23,18798.064453125,0.0005011207540519536
L28_to_L29,24,18134.4375,0.00048342972877435386
L28_to_L29,25,16653.16796875,0.0004439418844413012
L28_to_L29,26,16138.2275390625,0.000430214568041265
L28_to_L29,27,15154.2109375,0.00040398252895101905
L28_to_L29,28,14644.591796875,0.00039039706462062895
L28_to_L29,29,13687.7705078125,0.0003648900310508907
L28_to_L29,30,13187.375,0.0003515504358801991
L28_to_L29,31,12712.49609375,0.00033889105543494225
L28_to_L29,32,12491.6337890625,0.0003330032923258841
L28_to_L29,33,11426.9931640625,0.00030462199356406927
L28_to_L29,34,11347.8154296875,0.0003025112673640251
L28_to_L29,35,11123.9873046875,0.00029654442914761603
L28_to_L29,36,10374.3955078125,0.0002765617100521922
L28_to_L29,37,9806.5595703125,0.0002614242839626968
L28_to_L29,38,9358.2080078125,0.00024947209749370813
L28_to_L29,39,8774.0439453125,0.00023389937996398658
L28_to_L29,40,8538.17578125,0.00022761158470530063
L28_to_L29,41,8297.2978515625,0.00022119023196864873
L28_to_L29,42,8158.8720703125,0.0002175000699935481
L28_to_L29,43,8116.22412109375,0.00021636315796058625
L28_to_L29,44,7906.5810546875,0.0002107744658133015
L28_to_L29,45,7645.93408203125,0.0002038261154666543
L28_to_L29,46,7312.3330078125,0.00019493294530548155
L28_to_L29,47,7267.20703125,0.00019372996757738292
L28_to_L29,48,7161.39990234375,0.00019090935529675335
L28_to_L29,49,6929.26220703125,0.00018472099327482283
L28_to_L29,50,6856.12939453125,0.0001827714149840176
L28_to_L29,51,6826.40087890625,0.00018197890312876552
L28_to_L29,52,6520.88525390625,0.00017383444355800748
L28_to_L29,53,6382.576171875,0.00017014738114085048
L28_to_L29,54,6213.44775390625,0.00016563874669373035
L28_to_L29,55,6151.443359375,0.00016398582374677062
L28_to_L29,56,6077.94189453125,0.00016202640836127102
L28_to_L29,57,5963.54052734375,0.00015897669072728604
L28_to_L29,58,5770.16552734375,0.00015382167475763708
L28_to_L29,59,5619.45263671875,0.00014980396372266114
L28_to_L29,60,5490.4052734375,0.00014636380365118384
L28_to_L29,61,5413.51953125,0.00014431416639126837
L28_to_L29,62,5280.74853515625,0.0001407747477060184
L28_to_L29,63,5216.96630859375,0.00013907442917115986
L28_to_L29,64,5114.75732421875,0.00013634974311571568
L28_to_L29,65,5085.5576171875,0.00013557133206631988
L28_to_L29,66,4904.82568359375,0.00013075335300527513
L28_to_L29,67,4846.28125,0.00012919267464894801
L28_to_L29,68,4786.9541015625,0.00012761112884618342
L28_to_L29,69,4657.3017578125,0.0001241548452526331
L28_to_L29,70,4551.8203125,0.00012134290591347963
L28_to_L29,71,4480.3876953125,0.00011943864228669554
L28_to_L29,72,4382.0048828125,0.00011681594332912937
L28_to_L29,73,4333.736328125,0.00011552919750101864
L28_to_L29,74,4292.80322265625,0.00011443800030974671
L28_to_L29,75,4277.83984375,0.00011403910320950672
L28_to_L29,76,4161.9296875,0.00011094915680587292
L28_to_L29,77,4109.52880859375,0.00010955225297948346
L28_to_L29,78,4014.61767578125,0.00010702209692681208
L28_to_L29,79,3968.341552734375,0.0001057884655892849
L28_to_L29,80,3961.3466796875,0.0001056019973475486
L28_to_L29,81,3874.25439453125,0.00010328028292860836
L28_to_L29,82,3851.158203125,0.00010266457684338093
L28_to_L29,83,3781.57421875,0.00010080960055347532
L28_to_L29,84,3712.529296875,9.896899427985772e-05
L28_to_L29,85,3635.73779296875,9.692188177723438e-05
L28_to_L29,86,3601.149658203125,9.599982149666175e-05
L28_to_L29,87,3577.6943359375,9.537454752717167e-05
L28_to_L29,88,3551.5205078125,9.467680501984432e-05
L28_to_L29,89,3451.250732421875,9.200380009133369e-05
L28_to_L29,90,3382.188232421875,9.016272815642878e-05
L28_to_L29,91,3373.352783203125,8.992719085654244e-05
L28_to_L29,92,3345.095947265625,8.917391824070364e-05
L28_to_L29,93,3333.30224609375,8.885952411219478e-05
L28_to_L29,94,3272.64013671875,8.72423843247816e-05
L28_to_L29,95,3242.517822265625,8.643938053864986e-05
L28_to_L29,96,3186.497802734375,8.494599023833871e-05
L28_to_L29,97,3152.8369140625,8.404865366173908e-05
L28_to_L29,98,3146.775146484375,8.388706191908568e-05
L28_to_L29,99,3111.865966796875,8.295645238831639e-05
L29_to_L30,0,182613966848.0,1.0
L29_to_L30,1,3626650368.0,0.01985965482890606
L29_to_L30,2,2669106944.0,0.01461611595004797
L29_to_L30,3,1740254720.0,0.009529691189527512
L29_to_L30,4,1167074688.0,0.006390939000993967
L29_to_L30,5,931061440.0,0.005098522640764713
L29_to_L30,6,681457024.0,0.003731680801138282
L29_to_L30,7,484246720.0,0.00265175080858171
L29_to_L30,8,320174432.0,0.001753285527229309
L29_to_L30,9,293978912.0,0.0016098381020128727
L29_to_L30,10,161587632.0,0.000884859124198556
L29_to_L30,11,109896384.0,0.0006017961422912776
L29_to_L30,12,93297312.0,0.0005108991172164679
L29_to_L30,13,77937392.0,0.000426787679316476
L29_to_L30,14,70693712.0,0.00038712105015292764
L29_to_L30,15,62921900.0,0.00034456237335689366
L29_to_L30,16,61548512.0,0.0003370416525285691
L29_to_L30,17,49107656.0,0.0002689151151571423
L29_to_L30,18,44249840.0,0.0002423135592835024
L29_to_L30,19,43748256.0,0.00023956687073223293
L29_to_L30,20,39146320.0,0.0002143665187759325
L29_to_L30,21,37762112.0,0.00020678654254879802
L29_to_L30,22,34341620.0,0.0001880558265838772
L29_to_L30,23,32970642.0,0.00018054830434266478
L29_to_L30,24,31158988.0,0.00017062762344721705
L29_to_L30,25,28448510.0,0.00015578496095258743
L29_to_L30,26,27638122.0,0.00015134725254029036
L29_to_L30,27,26227442.0,0.00014362232468556613
L29_to_L30,28,25210938.0,0.000138055911520496
L29_to_L30,29,23739518.0,0.000129998370539397
L29_to_L30,30,21706630.0,0.00011886620632139966
L29_to_L30,31,21446160.0,0.00011743986397050321
L29_to_L30,32,20421516.0,0.00011182888556504622
L29_to_L30,33,20147248.0,0.00011032698239432648
L29_to_L30,34,19642720.0,0.00010756417032098398
L29_to_L30,35,19443356.0,0.00010647244926076382
L29_to_L30,36,18764418.0,0.00010275455861119553
L29_to_L30,37,17825428.0,9.761262481333688e-05
L29_to_L30,38,17612708.0,9.644775855122134e-05
L29_to_L30,39,17370800.0,9.512306132819504e-05
L29_to_L30,40,16741586.0,9.167746611637995e-05
L29_to_L30,41,16573430.0,9.075664274860173e-05
L29_to_L30,42,15622140.0,8.554734813515097e-05
L29_to_L30,43,15451839.0,8.461477409582585e-05
L29_to_L30,44,15089574.0,8.263099880423397e-05
L29_to_L30,45,14045914.0,7.691587961744517e-05
L29_to_L30,46,13670859.0,7.486206595785916e-05
L29_to_L30,47,13435389.0,7.357262802543119e-05
L29_to_L30,48,13269521.0,7.266432658070698e-05
L29_to_L30,49,12938373.0,7.085094694048166e-05
L29_to_L30,50,12631270.0,6.916924030520022e-05
L29_to_L30,51,12336258.0,6.755375216016546e-05
L29_to_L30,52,11876809.0,6.503779150079936e-05
L29_to_L30,53,11785532.0,6.45379550405778e-05
L29_to_L30,54,11653162.0,6.381309503922239e-05
L29_to_L30,55,11386630.0,6.235355249373242e-05
L29_to_L30,56,11175210.0,6.119580939412117e-05
L29_to_L30,57,11021217.0,6.035254045855254e-05
L29_to_L30,58,10904660.0,5.971427162876353e-05
L29_to_L30,59,10611560.0,5.810924631077796e-05
L29_to_L30,60,10522832.0,5.7623368775239214e-05
L29_to_L30,61,10080207.0,5.519953992916271e-05
L29_to_L30,62,9988194.0,5.4695672588422894e-05
L29_to_L30,63,9865011.0,5.402111855801195e-05
L29_to_L30,64,9708593.0,5.3164570999797434e-05
L29_to_L30,65,9615048.0,5.2652314479928464e-05
L29_to_L30,66,9407496.0,5.15157516929321e-05
L29_to_L30,67,9276280.0,5.079721086076461e-05
L29_to_L30,68,9167938.0,5.0203925638925284e-05
L29_to_L30,69,8847965.0,4.845174407819286e-05
L29_to_L30,70,8775869.0,4.805694334208965e-05
L29_to_L30,71,8660015.0,4.742252349387854e-05
L29_to_L30,72,8553656.0,4.684009763877839e-05
L29_to_L30,73,8308188.0,4.5495908125303686e-05
L29_to_L30,74,8173683.5,4.475935566006228e-05
L29_to_L30,75,8131048.0,4.452588109415956e-05
L29_to_L30,76,8093917.0,4.4322550820652395e-05
L29_to_L30,77,7851830.0,4.299687498132698e-05
L29_to_L30,78,7767504.0,4.2535102693364024e-05
L29_to_L30,79,7677507.0,4.204227661830373e-05
L29_to_L30,80,7581676.5,4.1517505451338366e-05
L29_to_L30,81,7437659.0,4.072886076755822e-05
L29_to_L30,82,7324404.5,4.010867633041926e-05
L29_to_L30,83,7245225.5,3.9675091102253646e-05
L29_to_L30,84,7175909.5,3.929551166947931e-05
L29_to_L30,85,7137539.0,3.908539656549692e-05
L29_to_L30,86,7082168.5,3.8782185583841056e-05
L29_to_L30,87,6947268.0,3.8043464883230627e-05
L29_to_L30,88,6807678.0,3.727906369022094e-05
L29_to_L30,89,6745320.0,3.693759208545089e-05
L29_to_L30,90,6647491.0,3.640187787823379e-05
L29_to_L30,91,6633462.5,3.6325054679764435e-05
L29_to_L30,92,6473274.0,3.544785795384087e-05
L29_to_L30,93,6424776.0,3.5182281862944365e-05
L29_to_L30,94,6306969.0,3.4537166357040405e-05
L29_to_L30,95,6267794.5,3.432264566072263e-05
L29_to_L30,96,6195429.0,3.392637154320255e-05
L29_to_L30,97,6071931.5,3.325009311083704e-05
L29_to_L30,98,6032413.5,3.3033691579476e-05
L29_to_L30,99,5932389.0,3.2485953852301463e-05
L30_to_L31,0,577.2269287109375,1.0
L30_to_L31,1,204.9910430908203,0.35513076186180115
L30_to_L31,2,160.83937072753906,0.2786414921283722
L30_to_L31,3,142.06500244140625,0.24611638486385345
L30_to_L31,4,130.66983032226562,0.22637514770030975
L30_to_L31,5,98.76167297363281,0.1710967868566513
L30_to_L31,6,67.74165344238281,0.11735706031322479
L30_to_L31,7,63.306976318359375,0.10967432707548141
L30_to_L31,8,47.120994567871094,0.08163339644670486
L30_to_L31,9,43.27139663696289,0.07496426999568939
L30_to_L31,10,38.81719207763672,0.06724771857261658
L30_to_L31,11,35.31023406982422,0.06117218732833862
L30_to_L31,12,30.806413650512695,0.0533696748316288
L30_to_L31,13,26.740272521972656,0.046325407922267914
L30_to_L31,14,25.88849639892578,0.04484977200627327
L30_to_L31,15,23.990415573120117,0.04156149923801422
L30_to_L31,16,22.593524932861328,0.039141494780778885
L30_to_L31,17,20.09775161743164,0.03481776639819145
L30_to_L31,18,19.567119598388672,0.0338984876871109
L30_to_L31,19,17.335962295532227,0.030033184215426445
L30_to_L31,20,16.877927780151367,0.029239675030112267
L30_to_L31,21,15.636957168579102,0.027089791372418404
L30_to_L31,22,14.89802074432373,0.025809641927480698
L30_to_L31,23,13.914326667785645,0.02410547062754631
L30_to_L31,24,13.11596393585205,0.02272237092256546
L30_to_L31,25,12.552828788757324,0.021746782585978508
L30_to_L31,26,12.020606994628906,0.020824750885367393
L30_to_L31,27,11.39826774597168,0.019746597856283188
L30_to_L31,28,11.216590881347656,0.019431857392191887
L30_to_L31,29,10.4186372756958,0.018049465492367744
L30_to_L31,30,10.341185569763184,0.017915286123752594
L30_to_L31,31,9.860678672790527,0.01708284579217434
L30_to_L31,32,9.260470390319824,0.016043033450841904
L30_to_L31,33,8.647193908691406,0.014980579726397991
L30_to_L31,34,8.447986602783203,0.01463546883314848
L30_to_L31,35,8.033134460449219,0.013916769996285439
L30_to_L31,36,7.684965133666992,0.01331359427422285
L30_to_L31,37,7.508546829223633,0.013007963076233864
L30_to_L31,38,7.219958782196045,0.012508007697761059
L30_to_L31,39,6.975897312164307,0.012085190042853355
L30_to_L31,40,6.74015998840332,0.011676793918013573
L30_to_L31,41,6.615960121154785,0.011461627669632435
L30_to_L31,42,6.407956600189209,0.01110127754509449
L30_to_L31,43,6.040365695953369,0.010464455932378769
L30_to_L31,44,5.8965253829956055,0.010215263813734055
L30_to_L31,45,5.830897808074951,0.010101568885147572
L30_to_L31,46,5.4769768714904785,0.009488428942859173
L30_to_L31,47,5.162509441375732,0.008943639695644379
L30_to_L31,48,5.127901077270508,0.008883683010935783
L30_to_L31,49,4.949554920196533,0.008574712090194225
L30_to_L31,50,4.829342365264893,0.00836645346134901
L30_to_L31,51,4.718604564666748,0.008174609392881393
L30_to_L31,52,4.631321430206299,0.008023397997021675
L30_to_L31,53,4.576585292816162,0.007928571663796902
L30_to_L31,54,4.217490196228027,0.007306468207389116
L30_to_L31,55,4.172201156616211,0.007228008471429348
L30_to_L31,56,4.03318977355957,0.0069871824234724045
L30_to_L31,57,3.9266443252563477,0.006802600808441639
L30_to_L31,58,3.8632750511169434,0.006692818365991116
L30_to_L31,59,3.567566156387329,0.006180526223033667
L30_to_L31,60,3.5257086753845215,0.006108011584728956
L30_to_L31,61,3.4934158325195312,0.006052066572010517
L30_to_L31,62,3.319615364074707,0.0057509709149599075
L30_to_L31,63,3.2837414741516113,0.005688822362571955
L30_to_L31,64,3.1897242069244385,0.005525944754481316
L30_to_L31,65,3.14811110496521,0.005453853402286768
L30_to_L31,66,3.0691685676574707,0.005317091941833496
L30_to_L31,67,3.0025768280029297,0.00520172668620944
L30_to_L31,68,2.9316468238830566,0.005078846123069525
L30_to_L31,69,2.7952187061309814,0.004842495545744896
L30_to_L31,70,2.7659547328948975,0.0047917976044118404
L30_to_L31,71,2.62218976020813,0.0045427363365888596
L30_to_L31,72,2.6141316890716553,0.004528776276856661
L30_to_L31,73,2.58125376701355,0.00447181798517704
L30_to_L31,74,2.446514844894409,0.004238393623381853
L30_to_L31,75,2.4173059463500977,0.004187791142612696
L30_to_L31,76,2.3038923740386963,0.00399131141602993
L30_to_L31,77,2.241703748703003,0.003883574390783906
L30_to_L31,78,2.1826205253601074,0.003781217383220792
L30_to_L31,79,2.1644070148468018,0.0037496639415621758
L30_to_L31,80,2.1358838081359863,0.0037002498283982277
L30_to_L31,81,2.0698187351226807,0.003585797268897295
L30_to_L31,82,2.050717353820801,0.003552705515176058
L30_to_L31,83,1.958220362663269,0.003392461920157075
L30_to_L31,84,1.9311444759368896,0.0033455551601946354
L30_to_L31,85,1.9143116474151611,0.0033163935877382755
L30_to_L31,86,1.843230128288269,0.0031932503916323185
L30_to_L31,87,1.76929771900177,0.0030651683919131756
L30_to_L31,88,1.719882607460022,0.00297956052236259
L30_to_L31,89,1.5648918151855469,0.0027110513765364885
L30_to_L31,90,1.5323244333267212,0.0026546309236437082
L30_to_L31,91,1.5135786533355713,0.002622155239805579
L30_to_L31,92,1.4017268419265747,0.002428380772471428
L30_to_L31,93,1.3395181894302368,0.002320609288290143
L30_to_L31,94,1.2463083267211914,0.0021591305267065763
L30_to_L31,95,1.0903600454330444,0.001888962578959763
L30_to_L31,96,1.0000007152557373,0.001732422155328095
L30_to_L31,97,1.0000007152557373,0.001732422155328095
L30_to_L31,98,1.0000005960464478,0.0017324219224974513
L30_to_L31,99,1.0000005960464478,0.0017324219224974513
