chrom,pos,ref,alt,gene,category,stars,consequence,argmax_layer,max_dh,mean_L0_4,mean_L5_10,mean_L11_20,mean_L21_28,mean_L29_31,ratio_L8_over_L27,integral_L0_29,splice_like_score,is_cryptic_candidate
10,87863624,A,C,PTEN,VUS,2,synonymous,30,649089250000.0,0.24771556,1.3240203,5.0489306,264.43777,432727130000.0,0.05312041,2175.174,0.0050069257,1
10,87957917,A,G,PTEN,B_LB,2,synonymous,30,134078820000.0,0.16654824,0.45838615,0.7858451,170.5002,89386164000.0,0.039437126,1375.4431,0.0026884787,1
10,87961043,A,C,PTEN,B_LB,2,synonymous,30,133521300000.0,0.2189047,0.5638945,0.9277935,206.34082,89014500000.0,0.036372684,1664.4824,0.0027328306,1
10,87961095,C,A,PTEN,B_LB,2,synonymous,30,230995970000.0,0.20506935,1.0365713,2.3660908,379.38004,153997750000.0,0.04273254,3065.946,0.0027322767,1
11,108227672,A,G,ATM,B_LB,2,synonymous,30,209213110000.0,0.18653949,0.5332876,0.9653948,217.59154,139475940000.0,0.05088355,1754.5186,0.0024508655,1
11,108227690,A,G,ATM,B_LB,2,synonymous,30,112523770000.0,0.17129362,0.47427067,0.8080557,149.63287,75016100000.0,0.045673855,1208.8456,0.003169562,1
11,108227781,A,G,ATM,B_LB,2,synonymous,30,82787220000.0,0.18305624,0.39333984,0.64818275,144.98938,55191680000.0,0.032796122,1169.6721,0.0027128872,1
11,108229190,A,G,ATM,B_LB,2,synonymous,30,50838840000.0,0.19192019,0.4833591,0.77829695,166.31578,33892674000.0,0.037150215,1342.169,0.0029062731,1
11,108229202,A,G,ATM,B_LB,2,synonymous,30,141918290000.0,0.19946806,0.5255353,0.8495299,146.5829,94612490000.0,0.04972042,1185.3091,0.0035852427,1
11,108229226,A,G,ATM,B_LB,2,synonymous,30,50034024000.0,0.17962968,0.33576617,0.5556153,119.847916,33356085000.0,0.030938169,967.25226,0.002801602,1
11,108229241,A,T,ATM,B_LB,2,synonymous,30,198572930000.0,0.23567767,0.6010941,0.982008,234.28474,132382300000.0,0.043368686,1888.883,0.0025656563,1
11,108229253,A,G,ATM,B_LB,2,synonymous,30,124707320000.0,0.16430125,0.36509892,0.59801424,140.78783,83138440000.0,0.03750327,1135.2949,0.0025932563,1
11,108235773,A,G,ATM,B_LB,2,synonymous,30,52940198000.0,0.1746405,0.41655242,0.6904479,127.72539,35293544000.0,0.043401204,1032.0801,0.0032613126,1
11,108235821,G,A,ATM,B_LB,2,synonymous,30,131134070000.0,0.1636063,0.3810971,0.6554511,119.64608,87422984000.0,0.042449795,966.82776,0.0031852035,1
11,108244059,G,A,ATM,B_LB,2,synonymous,30,212140440000.0,0.18135124,0.41984138,0.7190239,170.98593,141427400000.0,0.036678668,1378.5034,0.0024554147,1
11,108244068,A,G,ATM,B_LB,2,synonymous,30,132112320000.0,0.18250301,0.41367552,0.66710293,140.19843,88075080000.0,0.031174988,1131.6531,0.0029506432,1
11,108244071,A,G,ATM,B_LB,2,synonymous,30,215401380000.0,0.18541011,0.4185623,0.67231894,159.77695,143601270000.0,0.036179487,1288.3772,0.0026196663,1
11,108244086,G,A,ATM,B_LB,2,synonymous,30,292544540000.0,0.1833979,0.44119787,0.7336594,170.77557,195030340000.0,0.03543188,1377.1055,0.002583495,1
11,108244101,G,A,ATM,B_LB,2,synonymous,30,72347730000.0,0.19928913,0.5940171,1.0017319,232.5991,48231960000.0,0.043870226,1875.3706,0.0025538236,1
11,108244104,T,A,ATM,B_LB,2,synonymous,30,253721280000.0,0.23065278,0.591976,0.9811246,165.21196,169148000000.0,0.042349536,1336.212,0.0035831304,1
11,108244104,T,G,ATM,B_LB,2,synonymous,30,251796130000.0,0.23247989,0.5839329,0.964996,176.62285,167864520000.0,0.041982174,1427.2987,0.0033061004,1
11,108244806,A,G,ATM,B_LB,2,synonymous,30,172116840000.0,0.19271469,0.67031384,1.2134336,222.6909,114744880000.0,0.05373128,1798.6471,0.003010064,1
11,108244809,T,C,ATM,B_LB,2,synonymous,30,580239360000.0,0.2006766,0.94023275,2.0023293,344.27518,386827650000.0,0.06999539,2780.8694,0.0027310501,1
11,108244809,T,G,ATM,B_LB,2,synonymous,30,300664950000.0,0.26091003,1.1539758,2.345669,308.0265,200443950000.0,0.059130874,2495.8967,0.0037463526,1
11,108244812,A,C,ATM,B_LB,2,synonymous,30,426032530000.0,0.260171,0.81166416,1.4395221,225.02344,284022500000.0,0.04928351,1820.7535,0.0036070205,1
11,108244812,A,G,ATM,B_LB,2,synonymous,30,201271850000.0,0.19061354,0.5458472,1.0189955,171.7666,134181650000.0,0.044257514,1388.5509,0.0031778424,1
11,108244821,C,T,ATM,B_LB,2,synonymous,30,595262100000.0,0.19902736,0.663699,1.2770069,257.91605,396842240000.0,0.05375844,2081.0757,0.002573314,1
11,108244824,A,G,ATM,B_LB,2,synonymous,30,427051550000.0,0.18409261,0.6138441,1.3071243,232.21152,284701620000.0,0.052482862,1875.3668,0.0026434697,1
11,108244827,A,G,ATM,B_LB,2,synonymous,30,109274530000.0,0.18211974,0.52509457,0.98741853,178.45995,72849910000.0,0.05169722,1441.6149,0.0029423665,1
11,108244869,A,C,ATM,B_LB,2,synonymous,30,338973900000.0,0.21830496,0.6320309,1.0735054,254.02756,225983220000.0,0.050989553,2047.8392,0.0024880406,1
11,108244947,T,G,ATM,B_LB,2,synonymous,30,213438300000.0,0.22428842,0.47644314,0.7587148,161.89438,142292600000.0,0.03287709,1306.7223,0.0029429258,1
11,108244968,A,G,ATM,B_LB,2,synonymous,30,95808460000.0,0.16863048,0.3318422,0.5330891,117.310745,63872600000.0,0.027228735,946.651,0.0028287452,1
11,108246974,A,G,ATM,B_LB,2,synonymous,30,103866880000.0,0.18271191,0.5634315,1.1643487,160.05273,69244670000.0,0.040163893,1296.3595,0.0035202866,1
11,108246998,A,G,ATM,B_LB,2,synonymous,30,89057660000.0,0.20244566,0.50717217,0.8597301,135.43549,59371960000.0,0.044685766,1096.1364,0.003744751,1
11,108247007,A,G,ATM,B_LB,2,synonymous,30,164125260000.0,0.18560395,0.56801647,1.0220722,166.26788,109417110000.0,0.05858928,1344.6998,0.003416273,1
11,108247052,A,G,ATM,B_LB,2,synonymous,30,326709940000.0,0.1822428,0.49483657,0.91673553,176.702,217807010000.0,0.048293024,1426.6636,0.0028004018,1
11,108247070,T,C,ATM,B_LB,2,synonymous,30,278639840000.0,0.20826717,0.5114135,0.8674647,190.04338,185760430000.0,0.04504393,1533.1315,0.0026910356,1
11,108247091,A,G,ATM,B_LB,2,synonymous,30,77733380000.0,0.16187671,0.39622688,0.6621706,132.31178,51822383000.0,0.040323,1068.3026,0.0029946454,1
11,108248953,A,G,ATM,B_LB,2,synonymous,30,200131100000.0,0.1914615,0.55492836,0.984879,226.63638,133421195000.0,0.045592345,1827.2266,0.0024485404,1
11,108248986,A,C,ATM,B_LB,2,synonymous,30,569990600000.0,0.24550374,0.7283233,1.2263932,275.3272,379994470000.0,0.036469243,2220.479,0.0026453007,1
11,108248989,A,G,ATM,B_LB,2,synonymous,30,141386150000.0,0.1898746,0.45383498,0.7353555,120.02187,94257640000.0,0.03810491,971.2009,0.0037812688,1
11,108248995,A,G,ATM,B_LB,2,synonymous,30,82808680000.0,0.18844016,0.42392564,0.6633061,148.39427,55205986000.0,0.03311195,1197.2732,0.0028567521,1
11,108249028,G,A,ATM,B_LB,2,synonymous,30,141680100000.0,0.18870917,0.43058935,0.7015729,160.56154,94453694000.0,0.04795446,1295.035,0.0026817715,1
13,32319087,A,G,BRCA2,B_LB,3,synonymous,30,266670820000.0,0.18565474,0.7514531,2.186601,180.39262,177780930000.0,0.028370943,1470.4441,0.004165653,1
13,32319189,C,T,BRCA2,B_LB,3,synonymous,30,370783700000.0,0.17773534,0.35811558,0.5596768,126.15756,247189780000.0,0.025193924,1017.89465,0.0028386374,1
13,32319192,A,G,BRCA2,B_LB,3,synonymous,30,127766290000.0,0.19421378,0.3688084,0.5966255,103.48065,85177900000.0,0.029686796,836.99536,0.0035640323,1
13,32319204,A,G,BRCA2,B_LB,3,synonymous,30,95882120000.0,0.17681648,0.31365237,0.50397587,98.46833,63921540000.0,0.030690053,795.55237,0.003185312,1
13,32319240,T,G,BRCA2,B_LB,3,synonymous,30,86566010000.0,0.21961379,0.5262447,0.88535863,161.2139,57710838000.0,0.03628324,1302.8202,0.003264264,1
13,32319276,G,A,BRCA2,B_LB,3,synonymous,30,171654890000.0,0.181668,0.32135835,0.5216352,130.55338,114436970000.0,0.03590458,1052.4799,0.0024615093,1
13,32332705,G,A,BRCA2,B_LB,3,synonymous,30,107352410000.0,0.19213088,0.42995277,0.688107,136.26527,71568470000.0,0.05679831,1100.5436,0.003155263,1
13,32332750,A,G,BRCA2,B_LB,3,synonymous,30,235206030000.0,0.2166466,0.5122232,0.8055228,195.15236,156804480000.0,0.054664742,1573.4307,0.0026247348,1
13,48303957,T,G,RB1,B_LB,2,synonymous,30,360830760000.0,0.23152754,0.6398342,1.2585897,205.9106,240554160000.0,0.041314974,1664.8673,0.0031073398,1
13,48303990,G,T,RB1,B_LB,2,synonymous,30,256268760000.0,0.23198767,0.64388365,1.3594537,224.91074,170846300000.0,0.04603088,1817.9036,0.002862841,1
13,48360111,G,A,RB1,B_LB,2,synonymous,30,131802464000.0,0.17699566,0.39563635,0.64857864,159.67833,87868510000.0,0.034146138,1287.1711,0.0024777085,1
13,48364923,A,C,RB1,B_LB,2,synonymous,30,242108370000.0,0.2656633,0.80531865,1.4525443,293.3188,161406010000.0,0.041824766,2367.236,0.0027455406,1
13,48364956,T,G,RB1,B_LB,2,synonymous,30,235055420000.0,0.21058413,0.46515527,0.7231185,181.81364,156703870000.0,0.033962917,1465.5842,0.0025584179,1
13,48367514,A,G,RB1,B_LB,2,synonymous,30,171623500000.0,0.17494808,0.36841616,0.61978734,142.66522,114415990000.0,0.03235165,1150.605,0.0025823824,1
13,48367532,T,G,RB1,B_LB,2,synonymous,30,163406200000.0,0.21513145,0.5060194,0.8946334,160.27426,108937675000.0,0.038552374,1295.2522,0.0031572094,1
13,48367553,A,C,RB1,B_LB,2,synonymous,30,76660230000.0,0.21597652,0.48810658,0.8261466,165.82835,51106970000.0,0.035419907,1338.8969,0.0029434445,1
13,48368560,C,T,RB1,B_LB,2,synonymous,30,224848040000.0,0.2089329,0.54733187,0.9493593,182.74074,149899100000.0,0.039065424,1475.7482,0.0029951278,1
13,48373492,C,T,RB1,B_LB,2,synonymous,30,434003280000.0,0.19438536,0.3724335,0.59271306,124.10356,289335930000.0,0.027761677,1001.96216,0.0030009898,1
13,48376986,G,A,RB1,B_LB,2,synonymous,30,381216100000.0,0.1747749,0.56982917,1.0756855,211.13708,254145070000.0,0.058851033,1704.1464,0.0026988587,1
13,48377034,G,A,RB1,P_LP,2,synonymous,30,440317580000.0,0.15744312,0.3892026,0.66167223,109.071465,293545480000.0,0.025162177,882.31085,0.0035683266,1
13,48379596,A,G,RB1,B_LB,2,synonymous,30,766611950000.0,0.21088561,1.0727266,3.2628112,416.71902,511075320000.0,0.04178139,3373.871,0.0025742203,1
13,48379611,T,G,RB1,B_LB,2,synonymous,30,245568720000.0,0.24704441,0.7031817,1.2019036,165.88025,163712970000.0,0.04729349,1344.5154,0.004239092,1
13,48380168,A,G,RB1,B_LB,2,synonymous,30,271785640000.0,0.20760007,0.6206492,1.0963075,217.46767,181191000000.0,0.04289935,1755.4662,0.0028539838,1
13,48380213,T,A,RB1,B_LB,2,synonymous,30,206302090000.0,0.24082093,0.62235385,0.9881668,180.30742,137535080000.0,0.04132583,1457.2793,0.0034516265,1
13,48380213,T,C,RB1,B_LB,2,synonymous,30,243338820000.0,0.20711663,0.58435774,0.95071775,150.59456,162226390000.0,0.05111068,1218.8053,0.0038803376,1
13,48380213,T,G,RB1,B_LB,2,synonymous,30,198269260000.0,0.25230283,0.92985255,1.538578,167.88094,132179950000.0,0.057022516,1365.2739,0.005538762,1
13,48380237,T,C,RB1,B_LB,2,synonymous,30,165958120000.0,0.18251312,0.42244792,0.6789588,161.89957,110639180000.0,0.043745115,1305.4332,0.002609321,1
13,48381254,A,G,RB1,B_LB,2,synonymous,30,142065810000.0,0.19734964,0.6550117,1.585215,196.8518,94710860000.0,0.038779397,1595.5835,0.0033274356,1
13,48381284,G,A,RB1,B_LB,2,synonymous,30,104280170000.0,0.17124549,0.35753122,0.595196,112.57845,69520286000.0,0.03178941,909.581,0.0031758405,1
13,48456252,T,A,RB1,B_LB,2,synonymous,30,646641600000.0,0.21465369,0.646974,1.1220229,242.94554,431095450000.0,0.048134267,1959.7396,0.0026630415,1
13,48459719,A,T,RB1,B_LB,2,synonymous,30,1233827500000.0,0.25701165,0.83165073,1.4364212,321.65085,822553100000.0,0.060712323,2593.846,0.0025855699,1
16,23603546,A,G,PALB2,B_LB,2,synonymous,30,28894126000.0,0.15603212,0.2537562,0.44139037,100.0536,19262872000.0,0.029451368,807.1454,0.0025362025,1
16,23614046,A,G,PALB2,B_LB,2,synonymous,30,353066160000.0,0.1882501,1.5124254,3.9027927,412.69016,235378180000.0,0.07739723,3350.565,0.0036647965,1
16,23614052,A,G,PALB2,B_LB,2,synonymous,30,474935200000.0,0.18138295,1.4159807,3.6239238,464.05386,316624180000.0,0.076344706,3758.073,0.0030513282,1
16,23624028,A,G,PALB2,B_LB,2,synonymous,30,299425200000.0,0.1860756,0.46418822,0.76210725,164.53264,199617270000.0,0.038516913,1327.5978,0.0028212531,1
16,23626305,A,G,PALB2,B_LB,2,synonymous,30,146890230000.0,0.17327164,0.38305387,0.60725844,153.78307,97927040000.0,0.04052477,1239.5018,0.0024908716,1
16,23626377,G,A,PALB2,B_LB,2,synonymous,30,174111230000.0,0.15422323,0.33696485,0.5786077,129.99232,116074410000.0,0.03849722,1048.5176,0.0025921904,1
16,23626383,G,A,PALB2,B_LB,2,synonymous,30,119558520000.0,0.15685621,0.42613372,0.72696656,166.19864,79705960000.0,0.055582874,1340.1997,0.0025640025,1
16,23626392,A,G,PALB2,B_LB,2,synonymous,30,137796450000.0,0.16962202,0.4406968,0.75285244,134.08977,91864500000.0,0.049461525,1083.7389,0.0032865803,1
16,23629225,T,C,PALB2,B_LB,2,synonymous,30,2019630300000.0,0.22579178,1.7029716,4.6715155,633.14307,1346423100000.0,0.05288096,5123.2065,0.0026897106,1
16,23629231,G,A,PALB2,P_LP,3,synonymous,30,559667400000.0,0.1953688,0.6990674,1.6334473,283.95203,373112440000.0,0.039723087,2293.1218,0.002461921,1
17,7673580,G,A,TP53,B_LB,2,synonymous,30,103323976000.0,0.17377087,0.3421168,0.558873,123.97786,68882874000.0,0.035278387,1000.3331,0.0027594992,1
17,7673595,G,A,TP53,B_LB,2,synonymous,30,188938960000.0,0.17742303,0.38222453,0.6209305,118.05768,125959570000.0,0.041563194,953.85126,0.0032376084,1
17,7673601,G,A,TP53,B_LB,2,synonymous,30,439059320000.0,0.18240027,0.40611467,0.6910095,113.12601,292706750000.0,0.03635528,915.26685,0.0035899319,1
17,7673606,G,A,TP53,B_LB,2,synonymous,30,412207300000.0,0.18663481,0.44221568,0.7182933,144.26088,274805310000.0,0.03457834,1164.8564,0.0030653889,1
17,7674194,G,A,TP53,B_LB,2,synonymous,30,183867360000.0,0.1893264,0.52209955,0.9014884,172.99486,122578800000.0,0.033484492,1397.053,0.0030180062,1
17,7674255,G,A,TP53,B_LB,2,synonymous,30,107734260000.0,0.17591949,0.29575527,0.48465,112.52633,71823060000.0,0.03672609,907.7113,0.0026283206,1
17,7674865,C,A,TP53,B_LB,2,synonymous,30,861417400000.0,0.2611937,0.8947347,1.6915243,341.5832,574279300000.0,0.037043393,2756.2551,0.0026193757,1
17,7674871,A,G,TP53,B_LB,2,synonymous,30,48335466000.0,0.18260711,0.70267314,1.6435993,188.12668,32223758000.0,0.0541457,1526.5785,0.0037351062,1
17,7674874,G,A,TP53,B_LB,2,synonymous,30,44456313000.0,0.19295613,0.6523135,1.2114271,224.00201,29637624000.0,0.05367715,1809.009,0.0029120876,1
17,7674901,G,A,TP53,B_LB,2,synonymous,30,80474150000.0,0.19255163,0.39229283,0.62832594,95.57868,53649605000.0,0.044685647,774.22925,0.004104397,1
17,7675057,G,A,TP53,B_LB,2,synonymous,30,178710870000.0,0.20787778,0.42707312,0.73537314,146.62553,119140940000.0,0.034658697,1183.96,0.002912679,1
17,7675081,G,A,TP53,B_LB,2,synonymous,30,30705926000.0,0.1841406,0.33185175,0.5464638,130.51047,20470678000.0,0.029020434,1052.4602,0.0025427213,1
2,47408474,T,C,MSH2,B_LB,2,synonymous,30,350312040000.0,0.21734276,0.69913363,1.2203333,280.7265,233541880000.0,0.048032627,2263.2966,0.002490444,1
2,47408505,A,C,MSH2,B_LB,2,synonymous,30,152950200000.0,0.2227805,0.95770746,2.040441,362.3254,101967170000.0,0.048583724,2925.8677,0.0026432248,1
2,47408522,A,G,MSH2,B_LB,2,synonymous,30,278106900000.0,0.18180868,0.43615827,0.7506999,139.3087,185405100000.0,0.040572222,1125.5026,0.003130876,1
2,47408528,G,A,MSH2,B_LB,3,synonymous,30,166670910000.0,0.17973323,0.46479353,0.7649002,161.67398,111114190000.0,0.045001496,1304.7283,0.0028748815,1
2,47410102,T,G,MSH2,B_LB,2,synonymous,30,713475100000.0,0.25161886,0.87968856,1.6768055,314.4614,475650700000.0,0.048681535,2538.9956,0.0027974453,1
2,47410111,C,A,MSH2,B_LB,2,synonymous,30,761485500000.0,0.2667319,0.88128203,1.5600444,318.62592,507658470000.0,0.047533263,2571.2292,0.002765883,1
2,47410111,C,G,MSH2,B_LB,2,synonymous,30,815559740000.0,0.25045085,0.8600282,1.5146345,294.1326,543708400000.0,0.054533858,2374.6196,0.0029239473,1
2,47410165,T,G,MSH2,B_LB,2,synonymous,30,422398300000.0,0.21695848,0.5602329,0.91404164,219.01822,281599500000.0,0.03824223,1765.7324,0.0025579282,1
2,47410198,C,A,MSH2,B_LB,3,synonymous,30,257789130000.0,0.19473834,0.5451632,0.9145336,196.85423,171859850000.0,0.037245158,1588.2239,0.0027693752,1
2,47410204,A,G,MSH2,B_LB,2,synonymous,30,29765470000.0,0.17713733,0.37445733,0.61621726,153.83101,19843740000.0,0.031511318,1239.9426,0.0024342122,1
2,47410252,G,A,MSH2,B_LB,2,synonymous,30,154613760000.0,0.17114644,0.40838107,0.69858235,164.88821,103076030000.0,0.04097536,1329.3975,0.0024767148,1
2,47410252,G,C,MSH2,B_LB,2,synonymous,30,75376590000.0,0.22135225,0.61318463,1.0309738,200.22627,50251223000.0,0.044104856,1616.9058,0.0030624585,1
2,47410261,C,T,MSH2,B_LB,2,synonymous,30,271360150000.0,0.2019088,0.47438416,0.744919,190.24991,180907400000.0,0.042713083,1533.3043,0.002493479,1
2,47410276,G,A,MSH2,B_LB,2,synonymous,30,129977290000.0,0.18045972,0.38495675,0.6221065,145.07375,86651690000.0,0.043111954,1170.023,0.0026535245,1
2,47410300,C,G,MSH2,B_LB,2,synonymous,30,394938550000.0,0.21164255,0.50367117,0.82273084,194.49028,263293030000.0,0.04016541,1568.2297,0.0025896984,1
2,47410366,G,A,MSH2,B_LB,2,synonymous,30,12353099000.0,0.16895337,0.35282716,0.61575097,96.517044,8235457000.0,0.03193427,781.2556,0.0036555943,1
2,47410369,A,G,MSH2,B_LB,2,synonymous,30,223120460000.0,0.19484031,0.73193866,1.5236459,195.00356,148747370000.0,0.048984915,1580.6309,0.0037534633,1
2,47412428,A,T,MSH2,B_LB,2,synonymous,30,118616105000.0,0.2544417,1.1821153,3.5396285,245.57246,79077640000.0,0.048145134,2008.3408,0.004813713,1
2,47412431,A,G,MSH2,B_LB,2,synonymous,30,349744200000.0,0.22124043,0.6390546,1.2240198,170.49074,233163330000.0,0.04302701,1381.1066,0.0037483245,1
2,47412435,C,T,MSH2,B_LB,2,synonymous,30,124896660000.0,0.22573161,1.0962518,2.6279614,380.19513,83264690000.0,0.043508623,3075.5469,0.0028833926,1
2,47412467,C,A,MSH2,B_LB,2,synonymous,30,396917600000.0,0.2515758,0.8342411,1.4927782,312.3873,264612460000.0,0.053596113,2520.2896,0.0026705347,1
2,47412482,T,C,MSH2,B_LB,2,synonymous,30,321516300000.0,0.19151898,0.500464,0.882565,203.66571,214344710000.0,0.04116654,1642.1118,0.0024572818,1
2,47412509,C,A,MSH2,B_LB,2,synonymous,30,300384900000.0,0.20297813,0.5747065,0.94525194,233.35207,200257060000.0,0.044076003,1880.7323,0.0024628302,1
2,47412509,C,G,MSH2,B_LB,2,synonymous,30,232626490000.0,0.20946431,0.56713563,0.94018936,200.5812,155084730000.0,0.04600212,1618.5017,0.0028274613,1
2,47414274,A,T,MSH2,B_LB,2,synonymous,30,818291400000.0,0.25766274,1.0460424,2.3382277,350.29666,545528350000.0,0.056282856,2833.3203,0.0029861615,1
2,47414280,A,G,MSH2,B_LB,2,synonymous,30,228159230000.0,0.19378278,0.6061917,1.0669438,205.1784,152106840000.0,0.044734806,1656.7029,0.0029544614,1
2,47414280,A,T,MSH2,B_LB,2,synonymous,30,334970520000.0,0.26862654,0.8690102,1.5060842,297.4922,223314580000.0,0.051981945,2401.5554,0.0029211193,1
2,47414286,G,A,MSH2,B_LB,2,synonymous,30,548752420000.0,0.19799693,0.61235934,1.1982718,221.72755,365836040000.0,0.053343337,1790.4674,0.0027617647,1
2,47414286,G,C,MSH2,B_LB,2,synonymous,30,806608300000.0,0.25894842,0.9142124,1.6873382,260.00818,537740180000.0,0.06476566,2103.7192,0.003516091,1
2,47414286,G,T,MSH2,B_LB,2,synonymous,30,772411300000.0,0.26405713,0.9855137,1.8324397,257.9352,514942470000.0,0.072314106,2089.0396,0.00382078,1
2,47414289,T,G,MSH2,B_LB,2,synonymous,30,293925160000.0,0.24876018,0.9226163,1.9065641,210.17938,195950660000.0,0.06558331,1707.2803,0.0043896614,1
2,47414292,G,T,MSH2,B_LB,2,synonymous,30,420355900000.0,0.24344423,0.75044304,1.3211079,212.67429,280237830000.0,0.056866497,1720.3252,0.0035286027,1
2,47414301,G,A,MSH2,B_LB,2,synonymous,30,706583000000.0,0.18458883,0.6171792,1.1257417,225.44125,471056600000.0,0.052317258,1819.4136,0.00273765,1
2,47416325,G,A,MSH2,B_LB,3,synonymous,30,177692080000.0,0.17756626,0.38061485,0.64128214,112.28132,118461600000.0,0.03851645,907.83484,0.0033898323,1
2,47476515,A,G,MSH2,B_LB,3,synonymous,30,225129270000.0,0.163194,0.31270465,0.5727135,112.86355,150086860000.0,0.037527803,911.3277,0.0027706434,1
3,10141967,G,A,VHL,B_LB,2,synonymous,30,162953850000.0,0.20166448,0.5456364,0.9364191,157.30153,108636170000.0,0.0612919,1272.0586,0.0034687293,1
3,10141970,A,G,VHL,B_LB,2,synonymous,30,283074130000.0,0.19245502,0.6755951,1.3296423,242.0005,188716560000.0,0.066544585,1954.3163,0.0027917095,1
3,10141976,C,T,VHL,B_LB,2,synonymous,30,607944400000.0,0.20381856,0.5453605,1.1142099,208.75977,405296740000.0,0.05195691,1685.5115,0.002612383,1
3,10141982,G,A,VHL,B_LB,2,synonymous,30,89891730000.0,0.21675739,0.67807746,1.2983345,165.83078,59928050000.0,0.057533048,1344.7817,0.004088972,1
3,10141988,A,G,VHL,B_LB,2,synonymous,30,413614800000.0,0.22506869,0.8035262,1.5275049,215.25519,275743970000.0,0.0714344,1743.2631,0.0037329006,1
3,10141997,C,A,VHL,B_LB,2,synonymous,30,736876040000.0,0.23041312,0.7479842,1.48933,292.7123,491251340000.0,0.050272062,2362.2317,0.0025553561,1
3,10141997,C,G,VHL,B_LB,3,synonymous,30,265236430000.0,0.22317977,0.74063516,1.5883682,267.9462,176824610000.0,0.053321015,2165.013,0.0027641188,1
3,10142003,G,A,VHL,B_LB,2,synonymous,30,540006060000.0,0.25220737,0.80115396,1.5702575,192.26443,360004600000.0,0.06521152,1559.8861,0.004166938,1
3,10142012,G,A,VHL,B_LB,2,synonymous,30,128589200000.0,0.1784735,0.4590783,0.819502,177.26772,85726310000.0,0.050089918,1429.9836,0.0025897457,1
3,10142099,G,A,VHL,B_LB,2,synonymous,30,160900220000.0,0.18079685,0.34299806,0.56472397,125.22837,107267195000.0,0.02356252,1010.43616,0.0027389803,1
3,37042331,G,A,MLH1,P_LP,3,synonymous,30,406942400000.0,0.18014617,0.44122604,1.0665011,181.59605,271295630000.0,0.028214673,1466.9816,0.0024297116,1
3,179198999,C,T,PIK3CA,B_LB,2,synonymous,30,103346760000.0,0.20034118,0.33635297,0.537547,133.89166,68898040000.0,0.030113254,1079.5286,0.0025121279,1
3,179201432,C,A,PIK3CA,B_LB,2,synonymous,30,154006720000.0,0.20997143,0.43899298,0.7137277,92.246,102671390000.0,0.035087988,748.78906,0.0047589378,1
3,179201432,C,T,PIK3CA,B_LB,2,synonymous,30,268174620000.0,0.18019782,0.34241208,0.5488091,104.45009,178783500000.0,0.030719725,844.04425,0.0032782364,1
3,179210197,A,G,PIK3CA,B_LB,2,synonymous,30,77954270000.0,0.19028959,0.4216734,0.74365675,171.88089,51969642000.0,0.028272636,1385.9652,0.0024532883,1
3,179210203,A,T,PIK3CA,B_LB,2,synonymous,30,186729640000.0,0.24894197,0.6476465,1.0778325,206.02823,124486570000.0,0.032332104,1664.1349,0.0031434842,1
3,179218269,A,T,PIK3CA,B_LB,2,synonymous,30,571296800000.0,0.24026287,0.65919477,1.1422777,255.40494,380865250000.0,0.04990091,2059.8188,0.002580979,1
3,179221010,T,C,PIK3CA,B_LB,3,synonymous,30,339758940000.0,0.22130398,0.66436005,1.1441674,233.31544,226506310000.0,0.051996514,1883.058,0.0028474757,1
3,179224757,G,A,PIK3CA,B_LB,2,synonymous,30,284366900000.0,0.18822286,0.5256813,0.9027591,149.60475,189578430000.0,0.062294815,1209.9608,0.003513801,1
3,179229383,A,T,PIK3CA,B_LB,2,synonymous,30,168180120000.0,0.22182505,0.5797594,0.930075,218.52122,112120290000.0,0.04076549,1762.0582,0.0026531036,1
7,55019295,G,C,EGFR,B_LB,2,synonymous,30,888323000000.0,0.25101167,0.7722747,1.8576391,282.7381,592216500000.0,0.05812812,2286.3699,0.0027314136,1
7,55019295,G,T,EGFR,B_LB,2,synonymous,30,240037330000.0,0.24517794,0.74526167,1.7156826,292.81818,160025400000.0,0.06123552,2365.3997,0.0025451346,1
7,55019313,G,A,EGFR,B_LB,2,synonymous,30,207529600000.0,0.20423202,0.62569594,1.331234,232.70956,138353430000.0,0.04897716,1879.7643,0.0026887418,1
7,55019316,G,C,EGFR,B_LB,2,synonymous,30,969704340000.0,0.24401017,0.7463956,1.6923565,298.64264,646470960000.0,0.050185066,2411.763,0.0024992935,1
7,55019316,G,T,EGFR,B_LB,2,synonymous,30,545385400000.0,0.2479121,0.74955755,1.6535816,284.95578,363591140000.0,0.051944707,2301.9187,0.0026304347,1
7,55156636,C,T,EGFR,B_LB,2,synonymous,30,92941840000.0,0.17722254,0.3427105,0.5554212,118.95336,61961450000.0,0.035606828,960.1235,0.0028810492,1
7,55156645,G,A,EGFR,B_LB,2,synonymous,30,80615400000.0,0.196233,0.33705774,0.54166096,104.60793,53743700000.0,0.042284664,845.28357,0.0032221049,1
7,55156651,A,C,EGFR,B_LB,2,synonymous,30,158913050000.0,0.25230566,0.598289,0.9597871,207.62274,105942260000.0,0.048631378,1675.4312,0.002881616,1
7,55156792,A,C,EGFR,B_LB,2,synonymous,30,255600350000.0,0.23868473,0.53591615,0.869922,196.70934,170400650000.0,0.03161578,1586.7828,0.0027244063,1
7,55156792,A,G,EGFR,B_LB,2,synonymous,30,100367040000.0,0.18118735,0.30879477,0.5197634,110.51269,66911480000.0,0.023783352,892.0578,0.002794202,1
7,55157670,G,A,EGFR,B_LB,2,synonymous,30,148522610000.0,0.18637422,0.6384657,1.2101699,253.18178,99015420000.0,0.0410434,2042.3186,0.002521768,1
7,55157700,G,A,EGFR,B_LB,2,synonymous,30,115152970000.0,0.18084104,0.5004174,0.8988463,135.2001,76768780000.0,0.059406973,1094.496,0.0037013094,1
7,55157700,G,C,EGFR,B_LB,2,synonymous,30,394014300000.0,0.24088116,0.69923943,1.2410932,222.58658,262676730000.0,0.053323492,1798.5034,0.0031414267,1
7,55157706,C,T,EGFR,B_LB,2,synonymous,30,280199270000.0,0.19416568,0.46859804,0.78506535,137.37816,186800130000.0,0.043769833,1110.6583,0.0034110083,1
7,55157751,A,G,EGFR,B_LB,2,synonymous,30,122699100000.0,0.15890202,0.3486475,0.5781386,126.7598,81799750000.0,0.03417361,1022.7462,0.002750458,1
7,55160274,A,G,EGFR,B_LB,2,synonymous,30,47567810000.0,0.1753991,0.50869864,0.8826752,134.85822,31711980000.0,0.05848494,1091.6217,0.0037720997,1
7,55160280,G,A,EGFR,B_LB,2,synonymous,30,167996870000.0,0.18732022,0.48942837,0.82262534,191.39053,111998250000.0,0.052134927,1543.2238,0.0025572234,1
7,55160286,G,A,EGFR,B_LB,2,synonymous,30,118125130000.0,0.17523944,0.47771657,0.81888354,154.06746,78750350000.0,0.062808275,1244.4711,0.0031006974,1
7,55160298,G,A,EGFR,B_LB,2,synonymous,30,179729240000.0,0.17916791,0.546488,0.9493729,154.14516,119819700000.0,0.056217644,1246.8297,0.0035452815,1
7,55163760,T,G,EGFR,B_LB,2,synonymous,30,75465310000.0,0.21170017,0.5032578,0.8300401,191.6628,50310380000.0,0.03099167,1545.6809,0.002625746,1
7,55165300,G,A,EGFR,B_LB,2,synonymous,30,241526620000.0,0.17887272,0.541179,0.9922268,157.70139,161017940000.0,0.048734657,1275.6748,0.0034316692,1
7,140781678,G,T,BRAF,B_LB,2,synonymous,30,455897350000.0,0.21986666,0.70377904,1.3767064,280.03683,303932830000.0,0.03724819,2259.3835,0.002513166,1
7,140794364,G,T,BRAF,B_LB,2,synonymous,30,246818980000.0,0.25506374,0.726868,1.1953148,290.327,164546350000.0,0.04102765,2340.2056,0.0025036184,1
7,140924590,A,G,BRAF,B_LB,2,synonymous,30,310544860000.0,0.22828746,1.4621598,2.9569945,238.62466,207030270000.0,0.10185647,1948.4816,0.006127446,1
7,140924593,C,T,BRAF,B_LB,3,synonymous,30,583707850000.0,0.21042833,1.1243782,2.6260595,282.98416,389139300000.0,0.07324492,2297.9321,0.0039732903,1
7,140924599,G,A,BRAF,B_LB,2,synonymous,30,93864720000.0,0.19234753,1.0550582,2.5432923,251.00513,62576720000.0,0.06506861,2040.766,0.0042033335,1
7,140924599,G,C,BRAF,B_LB,2,synonymous,30,928262100000.0,0.2186495,0.9420493,2.2365596,370.07526,618842750000.0,0.052885357,2989.7131,0.0025455614,1
7,140924614,G,C,BRAF,B_LB,2,synonymous,30,1118633000000.0,0.22539201,0.926953,2.2092333,378.66284,745757700000.0,0.0610173,3058.0837,0.002447964,1
7,140924614,G,T,BRAF,B_LB,2,synonymous,30,201205270000.0,0.23103705,0.97515756,2.3107657,315.77603,134137260000.0,0.06670982,2556.3223,0.0030881304,1
7,140924617,G,A,BRAF,B_LB,2,synonymous,30,619965050000.0,0.2181696,0.841229,1.8515542,235.97356,413310780000.0,0.06549626,1912.4421,0.0035649291,1
